name.firstName,name.lastName,age,address.line1,address.line2,address.city,address.state,gender,phone
Abhay,Jain,24,terraform,Ghatkopar,Mumbai,Maharastra,male,8348357333
Abhay,Jain,24,terraform,Ghatkopar,Mumbai,Maharastra,male,8348357333
Abhay,Jain,24,terraform,Ghatkopar,Mumbai,Maharastra,male,8348357333
Abhay,Jain,43,terraform,Ghatkopar,Mumbai,Maharastra,male,8348357333
Abhay,Jain,24,terraform,Ghatkopar,Mumbai,Maharastra,male,8348357333
Abhay,Jain,24,terraform,Ghatkopar,Mumbai,Maharastra,male,8348357333
Abhay,Jain,12,terraform,Ghatkopar,Mumbai,Maharastra,male,8348357333
Abhay,Jain,24,terraform,Ghatkopar,Mumbai,Maharastra,male,8348357333
Abhay,Jain,45,terraform,Ghatkopar,Mumbai,Maharastra,male,8348357333
Abhay,Jain,24,terraform,Ghatkopar,Mumbai,Maharastra,male,8348357333
Abhay,Jain,40,terraform,Ghatkopar,Mumbai,Maharastra,male,8348357333
Abhay,Jain,24,terraform,Ghatkopar,Mumbai,Maharastra,male,8348357333
Abhay,Jain,70,terraform,Ghatkopar,Mumbai,Maharastra,male,8348357333
Abhay,Jain,56,terraform,Ghatkopar,Mumbai,Maharastra,male,8348357333
Abhay,Jain,24,terraform,Ghatkopar,Mumbai,Maharastra,male,8348357333
Abhay,Jain,24,terraform,Ghatkopar,Mumbai,Maharastra,male,8348357333
Abhay,Jain,55,terraform,Ghatkopar,Mumbai,Maharastra,male,8348357333
Abhay,Jain,24,terraform,Ghatkopar,Mumbai,Maharastra,male,8348357333
Abhay,Jain,77,terraform,Ghatkopar,Mumbai,Maharastra,male,8348357333